user_id,liked_movie_title,recommendation_1,recommendation_2,recommendation_3,recommendation_4,recommendation_5,recommendation_6,recommendation_7,recommendation_8,recommendation_9,recommendation_10
1,First Kiss,s30,s7352,s3889,s3631,s1866,s2883,s7525,s4922,s7870,s3912
1,6 Years,s2260,s4973,s2436,s763,s4001,s1392,s5616,s2469,s7065,s3273
1,Phone Swap,s8656,s2148,s7479,s8298,s8242,s1726,s5964,s8228,s150,s2688
2,Transfers,s3583,s925,s338,s6695,s7109,s7140,s4104,s3923,s8198,s384
3,Nadiya Bakes,s7686,s2056,s2714,s6224,s1601,s2203,s6707,s7974,s5301,s6344
3,The Minions of Midas,s4676,s1617,s1862,s6315,s4326,s1799,s5720,s3158,s7273,s1658
4,A Love So Beautiful,s7797,s7010,s5486,s3238,s6226,s4869,s5597,s3159,s3199,s1494
4,21 Thunder,s4910,s7617,s8448,s1445,s7338,s7231,s1317,s4689,s8115,s6787
4,Love Storm,s6791,s7474,s7140,s490,s4614,s1871,s2657,s1327,s2490,s1940
4,Last,s2634,s2085,s5506,s830,s4966,s2378,s2273,s8304,s5081,s6760
5,House of Cards,s8188,s5725,s5936,s4050,s6273,s6033,s5080,s5153,s6720,s3905
5,Bloodline,s3435,s1954,s378,s8204,s2475,s553,s3814,s4290,s316,s6772
5,Star-Crossed,s8009,s4320,s2801,s847,s7874,s2084,s1863,s2716,s852,s853
5,The Platform,s1342,s2080,s1632,s6288,s6615,s5254,s7087,s1572,s4668,s947
6,Bitten,s202,s6708,s1630,s2588,s2823,s6545,s2843,s611,s5951,s1633
7,5 Star Christmas,s2484,s7418,s5665,s8799,s8370,s3791,s7955,s8716,s8507,s5588
7,A Sort of Family,s7115,s4883,s3498,s6863,s4047,s7793,s5502,s596,s6137,s336
7,One Lagos Night,s2514,s4589,s8252,s4458,s4604,s6642,s5048,s7981,s6210,s3133
8,Skin Wars: Fresh Paint,s2189,s6562,s4874,s6346,s3583,s623,s925,s4104,s106,s1467
9,Running Man,s7961,s7314,s6613,s3823,s890,s1075,s5664,s410,s4883,s3452
9,The Haunted Hathaways,s6009,s6000,s3422,s2229,s492,s7544,s2821,s1411,s470,s8093
9,Tiger King: Murder Mayhem and Madness,s4279,s3642,s4011,s6955,s7402,s8562,s2483,s342,s2346,s7704
9,THE UNLISTED,s7145,s3019,s7104,s1446,s5341,s4292,s6378,s1495,s5081,s864
9,Drugs Inc.,s4025,s4379,s8328,s4803,s4092,s2636,s6420,s6813,s5648,s1931
10,Growing up and other problems,s5736,s4070,s8101,s7895,s3714,s2735,s4830,s6225,s6322,s6052
10,Nasha,s755,s4869,s7357,s6829,s2367,s7651,s7527,s4905,s2142,s2354
10,Kurt Seyit & Sura,s7160,s2387,s8683,s6454,s7923,s2180,s2142,s5022,s3252,s2623
10,The Damned Rain,s2016,s1567,s7792,s7170,s4580,s1002,s941,s1708,s1025,s2281
11,Manhunt: Deadly Games,s6531,s3300,s1195,s552,s299,s7717,s2049,s1282,s7064,s178
11,The Haunting of Bly Manor,s972,s6300,s6070,s4278,s4625,s6247,s164,s7968,s4599,s7123
11,Blood & Water,s1885,s5345,s614,s4286,s4210,s1906,s5486,s6290,s6258,s6714
11,Count Me In,s8012,s8473,s3349,s1419,s5046,s6949,s8745,s6996,s4094,s1054
11,Bad Blood,s167,s7203,s7659,s8232,s5573,s2210,s209,s8803,s943,s8468
11,Franca: Chaos and Creation,s3925,s4005,s6281,s2618,s3816,s1867,s2551,s1412,s2797,s5267
11,La Viuda Negra,s5069,s7693,s770,s5292,s3003,s2466,s7578,s892,s4171,s3172
12,Hum Aapke Hain Koun,s7388,s2341,s2970,s7023,s2340,s5010,s2831,s4564,s1945,s6574
12,Gina Yashere: Laughing to America,s4236,s1510,s5425,s2221,s2687,s8803,s5379,s7342,s6311,s3759
13,Ginny & Georgia,s741,s2245,s4873,s564,s8339,s6611,s1776,s1516,s1418,s4578
13,Strange Voices,s354,s2272,s5833,s4449,s4919,s308,s7295,s6603,s1326,s2116
13,Sweet Tooth,s753,s6221,s6222,s19,s4594,s8168,s5710,s4834,s4039,s7368
13,The Bridge,s7479,s2148,s7739,s8298,s8242,s1726,s5964,s6290,s1740,s7905
14,Move,s6629,s3026,s7512,s6628,s6091,s8105,s5757,s1023,s7379,s6630
14,High Flying Bird,s6944,s5534,s8363,s3410,s7404,s7114,s7639,s7640,s5134,s2053
14,Marcella,s8734,s2991,s2838,s6916,s1644,s3485,s2089,s92,s6535,s7441
14,Cyborg 009 VS Devilman,s940,s6297,s1285,s5267,s5989,s6926,s1141,s4140,s8171,s1957
15,Doctor Foster,s7822,s3994,s5456,s552,s4478,s6053,s4732,s1946,s6519,s4281
15,Hap and Leonard,s5551,s620,s5441,s1161,s5057,s1017,s605,s2210,s8147,s5213
16,Bulbbul,s8640,s7895,s4508,s2475,s2309,s1678,s5399,s871,s8266,s8152
16,Tallulah,s8792,s6654,s2225,s7995,s8018,s8101,s5447,s5324,s6739,s4864
16,Below Her Mouth,s7866,s8219,s6739,s5240,s6018,s1345,s7357,s181,s4048,s8044
17,Men on a Mission,s3144,s1566,s801,s6750,s2411,s3315,s2621,s7536,s6857,s3804
17,Cathedral of the Sea,s3249,s4405,s6888,s3321,s7107,s4920,s6232,s3638,s7805,s4796
17,Dance Academy,s4113,s4722,s6115,s2899,s3479,s3187,s4746,s5088,s6558,s1703
18,Hi Score Girl,s2506,s2714,s6247,s6662,s6937,s2672,s1976,s452,s6949,s24
18,Ezel,s2723,s6845,s1248,s3512,s5513,s1973,s2577,s4715,s5847,s5371
18,I Am Me!,s3409,s4689,s7627,s1328,s2285,s4423,s6357,s2693,s7511,s1032
19,100 Days My Prince,s7832,s5462,s2372,s4608,s5699,s8232,s4425,s3252,s7976,s7974
19,13 Reasons Why,s6600,s8124,s8014,s8487,s3719,s2412,s2679,s8137,s6170,s7191
19,Unchained Fate,s3923,s1077,s215,s6517,s5341,s4569,s1404,s999,s5642,s3194
20,Durarara!!,s888,s6078,s6046,s6224,s1824,s2339,s5575,s6794,s941,s3211
20,Motel Makeover,s497,s2705,s1512,s765,s3546,s7402,s1334,s259,s5744,s2890
20,The Final Table,s8197,s7363,s2702,s5938,s3777,s5360,s1093,s5683,s374,s7068
21,Border Security: America's Front Line,s5163,s5153,s6256,s7035,s945,s8352,s6585,s8725,s7284,s216
21,Edgar Rice Burroughs' Tarzan and Jane,s8153,s940,s7455,s3263,s76,s3156,s1647,s6787,s883,s751
21,Agent Raghav,s1808,s7406,s4498,s1960,s5219,s8201,s5494,s2572,s2426,s6403
22,Case 39,s177,s8653,s1778,s6351,s6654,s2896,s6247,s7891,s2512,s5180
22,Street Food,s7741,s3863,s2868,s7910,s3354,s3126,s1017,s4224,s427,s2229
23,The Next Step,s4424,s4423,s5618,s5073,s2435,s2952,s2283,s2580,s7244,s6992
23,Rectify,s8295,s4193,s605,s6008,s7252,s2609,s6532,s7424,s1777,s5257
24,Ratched,s1101,s8039,s8010,s823,s1690,s555,s7556,s7886,s1261,s3960
24,Parasyte: The Maxim,s5305,s485,s72,s4501,s1179,s1582,s8112,s4928,s6961,s5497
24,From Dusk Till Dawn,s1495,s8011,s1665,s864,s8077,s4010,s8075,s8184,s8076,s4896
24,Darr Sabko Lagta Hai,s6985,s1599,s4525,s8137,s7826,s4572,s725,s3403,s8766,s4450
24,Blue Miracle,s5904,s8104,s4790,s2053,s2915,s2592,s2952,s7803,s8054,s8073
24,Haunted,s6300,s3281,s7362,s4429,s1158,s4134,s3365,s2579,s3546,s3306
25,What Are the Odds?,s5719,s8557,s642,s3565,s8452,s344,s4807,s4153,s5606,s2483
25,Dark Light,s1118,s19,s366,s439,s8015,s911,s507,s2497,s5077,s535
26,Disenchantment,s5683,s4578,s2851,s8382,s7595,s6611,s3391,s420,s2032,s1522
26,Win the Wilderness,s2077,s2902,s2623,s3869,s8694,s4334,s1375,s2704,s6693,s5710
26,Ash vs. Evil Dead,s55,s7602,s1537,s485,s5294,s1648,s5550,s5484,s5994,s1817
26,Red vs. Blue,s6926,s8683,s6553,s87,s6685,s2383,s2366,s8147,s1252,s3384
27,Mara,s7837,s129,s7856,s7170,s6500,s4195,s1459,s2710,s508,s8734
27,Mean Dreams,s2192,s8636,s741,s7724,s2835,s8339,s8346,s8128,s3172,s4594
28,The Darkness,s29,s3384,s6201,s6958,s8223,s2707,s1241,s7972,s1204,s1101
28,Sparring,s4087,s1413,s6333,s2759,s7527,s899,s4415,s8770,s2372,s6500
28,Scream,s3010,s6300,s797,s212,s7963,s7362,s4762,s7957,s1844,s6120
28,Final Destination 2,s8299,s7999,s114,s6441,s3150,s3546,s3874,s4166,s5484,s8521
28,Lifechanger,s8116,s6283,s6219,s1589,s8376,s94,s4990,s6230,s5152,s5943
29,Disappearance,s2426,s7534,s5503,s2631,s2897,s2706,s509,s4556,s7441,s7899
29,Mighty Raju,s164,s1011,s1078,s1676,s7551,s2283,s7817,s8281,s6838,s4535
30,Ozark,s4338,s6143,s7971,s5722,s472,s866,s3449,s7674,s164,s606
30,Ad Vitam,s5557,s8311,s5147,s3300,s1630,s5317,s4109,s280,s5008,s5858
30,1983,s6039,s6535,s6089,s1657,s4946,s228,s355,s8321,s902,s2897
30,Damnation,s1209,s231,s8679,s1022,s4241,s1123,s1470,s8515,s7916,s4472
30,Troy,s560,s184,s4585,s170,s6256,s7664,s1613,s5494,s1424,s8635
31,Awon Boyz,s2049,s6969,s6748,s481,s459,s463,s1186,s1888,s2172,s8239
31,Stink!,s8663,s5695,s3758,s2342,s129,s2597,s7262,s5092,s2420,s4503
31,The Adventure Club,s1073,s3710,s6288,s7701,s1370,s3082,s7123,s3150,s5750,s7557
31,The Bad Kids,s5542,s5526,s8473,s3315,s6739,s684,s6762,s2420,s3092,s5897
32,BREAK IT ALL: The History of Rock in Latin America,s8012,s8492,s7097,s6020,s4413,s6500,s6034,s8082,s5040,s1419
32,Song Exploder,s7657,s4556,s7399,s3384,s1426,s1465,s3908,s4235,s336,s8064
32,Battlefield Recovery,s7071,s2042,s787,s6346,s5582,s8661,s4051,s6934,s8292,s4983
32,Dino Hunt,s7571,s7557,s3196,s5274,s4946,s2144,s8211,s245,s4820,s406
32,Women Behind Bars,s3626,s3704,s3907,s7342,s868,s6881,s5023,s5783,s4836,s3924
33,Black Friday,s3061,s1679,s4563,s8653,s2421,s8457,s4572,s6973,s5958,s7413
33,For Colored Girls,s3010,s5711,s6503,s8688,s6158,s2777,s6996,s2919,s6060,s336
33,OCTB,s4343,s2619,s1678,s6453,s3300,s8033,s7940,s614,s7262,s1498
34,Seoul Searching,s3799,s2780,s7671,s1370,s6010,s7042,s4988,s5529,s2320,s2564
34,Omar and Salma 3,s6597,s2507,s7850,s6829,s6644,s4594,s2499,s4324,s6558,s4032
34,Legal Hash,s462,s788,s1583,s4170,s2422,s4966,s2926,s2029,s5111,s8460
35,GODZILLA The Planet Eater,s4770,s5477,s6119,s1097,s3931,s7318,s6522,s1667,s8290,s6643
35,Naruto Shippûden the Movie: The Will of Fire,s57,s7560,s61,s6847,s4426,s2550,s938,s5893,s191,s6326
35,Naruto the Movie: Ninja Clash in the Land of Snow,s58,s63,s60,s602,s6534,s388,s2345,s1237,s7485,s6238
35,Hope: One in a Billion,s2755,s172,s8712,s2888,s8058,s601,s7428,s234,s6777,s5603
36,Loving,s163,s7455,s172,s8450,s7524,s1634,s2060,s6074,s5454,s1614
36,Mama's Boy,s4412,s1442,s7021,s7899,s4445,s8529,s1105,s6078,s6558,s6545
36,The Nut Job,s4493,s7114,s4170,s5134,s4121,s3493,s3494,s3517,s8230,s8586
36,Boi,s5544,s8763,s1512,s3082,s5657,s6232,s2675,s7391,s201,s1903
36,A Twelve Year Night,s3092,s6230,s5853,s8586,s4626,s8188,s1457,s8464,s2192,s6370
36,Fit for Fashion,s1012,s2953,s5989,s5249,s2695,s3583,s782,s925,s1599,s5455
37,The American Barbecue Showdown,s5756,s5315,s2689,s2772,s4405,s6657,s598,s5842,s2130,s3214
37,Skin Wars,s7695,s3335,s5989,s2148,s5048,s5249,s2695,s5212,s3583,s2027
38,Audrey,s6104,s7709,s7550,s7581,s69,s6356,s2845,s769,s6492,s4047
38,Is Love Enough? Sir,s4449,s4079,s3956,s7959,s822,s2140,s4035,s5334,s2716,s7790
38,Bosta,s1822,s1821,s1828,s2172,s7244,s5618,s7120,s4443,s4423,s736
38,Frank and Cindy,s543,s2331,s1902,s201,s3301,s4088,s2969,s4906,s2559,s1558
39,Tracy Morgan: Staying Alive,s5836,s4084,s4939,s3953,s4161,s3975,s5920,s4951,s7556,s5957
39,2036 Origin Unknown,s6128,s6069,s7619,s8026,s134,s6717,s1708,s5007,s8513,s3218
40,The English Game,s7171,s6518,s7080,s3150,s6637,s2112,s1012,s606,s8042,s7365
40,Bangkok Love Stories: Objects of Affection,s4946,s4396,s709,s5473,s1327,s6419,s4813,s7010,s4723,s2012
41,Wave of Cinema: Surat dari Timur,s2633,s6476,s6454,s1194,s4300,s7658,s1249,s2162,s6608,s3389
41,El Che,s4182,s1793,s7412,s5419,s7581,s8246,s5707,s6426,s5606,s3261
41,Ghost Pain,s6851,s59,s6849,s61,s57,s7560,s787,s3265,s4304,s7817
41,Kara Bela,s87,s1900,s6225,s7844,s6118,s8359,s4087,s1006,s3152,s1158
42,The Nut Job,s4493,s7114,s4170,s5134,s4121,s3493,s3494,s3517,s8230,s8586
42,Chicago Med,s3867,s7797,s6322,s7139,s4387,s8530,s6164,s3732,s334,s7622
42,GHOUL,s4192,s900,s4450,s8518,s6300,s7455,s7136,s1394,s7584,s857
42,Monster High: Ghouls Rule,s7493,s4535,s7490,s7502,s7788,s3457,s2910,s7500,s1582,s1880
43,50M2,s1125,s5462,s1424,s6726,s6079,s1213,s4946,s8019,s316,s900
43,ABCD 2,s4424,s6036,s5618,s2435,s4545,s4428,s5073,s7244,s4895,s6815
43,The Beat,s8119,s2357,s1600,s5980,s6350,s3194,s8266,s914,s2860,s1413
43,The Talented Mr. Ripley,s137,s6201,s7790,s4171,s417,s6577,s6032,s2976,s3956,s7729
43,We Are Your Friends,s593,s5810,s4696,s3065,s7368,s706,s3993,s5487,s8119,s1331
44,Total Drama,s3238,s3216,s1771,s8794,s2283,s4978,s7965,s4353,s6040,s5312
44,Mother Goose Club,s812,s5618,s6243,s741,s4873,s4423,s1720,s3279,s6912,s5696
44,Robozuna,s8163,s2012,s1958,s4296,s7592,s81,s7314,s5041,s374,s8501
45,The Hummingbird Project,s8650,s6692,s7817,s1125,s8698,s6637,s7151,s333,s5619,s1002
45,Go! Go! Cory Carson: Chrissy Takes the Wheel,s2580,s1893,s1636,s2167,s2997,s2583,s7912,s6032,s1566,s3910
45,The Game Changers,s8719,s2329,s7415,s6246,s4014,s2763,s6630,s300,s7686,s2098
45,Nothing to Lose,s3165,s8512,s3419,s8050,s8378,s4463,s3377,s7412,s8433,s4785
45,Nights in Rodanthe,s1241,s7151,s600,s2060,s4461,s1518,s1519,s569,s7671,s2399
46,Killer Inside: The Mind of Aaron Hernandez,s4769,s5331,s6341,s5914,s6840,s6687,s4949,s6037,s6330,s6346
46,Dragons: Race to the Edge,s2011,s4290,s5918,s4471,s24,s1263,s8613,s6642,s5929,s8559
46,Gatao - The Last Stray,s493,s7840,s799,s7684,s209,s8273,s449,s1802,s6423,s4350
46,Wild Wild West,s7444,s7443,s8733,s3967,s8187,s4343,s5968,s8076,s562,s6009
47,Elf Pets: Santa’s Reindeer Rescue,s1752,s5138,s1754,s1582,s3230,s7595,s5116,s5882,s4345,s7934
47,Luccas Neto em: Acampamento de Férias 2,s3304,s3065,s2849,s6001,s3799,s2780,s2717,s5529,s3801,s6239
47,Balto,s6222,s753,s8532,s4620,s5710,s6126,s8297,s3523,s3332,s4039
47,Mune: Guardian of the Moon,s1802,s8414,s2705,s6609,s6370,s4785,s647,s1754,s444,s8596
47,Oh No! It's an Alien Invasion,s1495,s425,s7291,s7514,s420,s6582,s7318,s2177,s1074,s883
48,A Second Chance,s1810,s1683,s1678,s4075,s4022,s1708,s4077,s1648,s8790,s1498
49,EDENS ZERO,s3349,s3537,s8256,s2324,s1945,s4138,s2799,s4670,s72,s1473
49,Violet Evergarden: Special,s2715,s4196,s4195,s1692,s6471,s3512,s7583,s1797,s4617,s1658
49,Beyblade Burst,s2724,s4771,s3099,s2804,s3201,s7917,s899,s2717,s2689,s4493
50,Aunty Donna's Big Ol' House of Fun,s3106,s342,s3140,s4939,s4877,s4483,s4945,s2763,s2488,s3575
50,Hometown Cha-Cha-Cha,s5399,s6225,s6166,s6312,s6667,s8726,s1306,s888,s2062,s2017
50,Challenger,s7602,s4178,s3365,s72,s1500,s4559,s604,s7077,s5125,s7544
50,Dark Tourist,s2039,s8449,s1101,s5208,s6699,s6946,s6798,s8321,s28,s5317
51,The Devil Punisher,s8235,s8577,s55,s8143,s2811,s4955,s6019,s1399,s3699,s1803
51,Love O2O,s4060,s1072,s2440,s2285,s1081,s6753,s4436,s2504,s6291,s2130
51,Daniel Sloss: Live Shows,s4231,s4951,s4234,s8385,s1794,s2680,s5816,s4933,s5860,s5587
51,The Book of Eli,s3263,s4547,s8677,s1637,s585,s6474,s1554,s1358,s1503,s334
51,Jurassic World Camp Cretaceous,s3799,s7491,s6629,s228,s2564,s2780,s5125,s6330,s1789,s6980
52,The Bride of Habaek,s428,s1877,s3202,s5962,s4834,s3167,s6668,s2272,s7613,s6622
52,Marianne,s1120,s5646,s3973,s906,s1161,s7487,s7646,s1345,s6566,s6120
52,Spark,s6840,s7968,s2563,s2916,s1035,s3173,s201,s4608,s6370,s2348
52,Titipo Titipo,s8613,s7927,s215,s4823,s8526,s7193,s217,s6231,s4452,s1074
53,Irul,s7219,s3389,s7795,s5123,s8221,s7247,s1496,s6761,s1265,s378
53,Under the Riccione Sun,s3867,s2987,s2780,s3799,s3548,s6398,s3194,s5125,s6109,s361
53,The Rezort,s4177,s855,s7717,s6671,s3298,s2334,s4444,s418,s376,s1785
53,Zubaan,s6832,s1569,s7231,s3583,s5303,s5917,s8474,s6441,s6036,s1863
54,Trial By Media,s3948,s3024,s8763,s8703,s8448,s3015,s6603,s7203,s4250,s1843
54,Wild Wild Country,s2579,s7273,s950,s6986,s254,s2233,s4766,s3931,s1260,s5580
55,Bangkok Breaking,s4714,s6968,s3866,s3870,s7831,s6712,s7320,s3676,s5297,s6089
55,Rita,s771,s5562,s1425,s4226,s7100,s6060,s5482,s1833,s6109,s6207
55,Singles Villa,s4793,s876,s6984,s4078,s252,s1115,s6046,s4539,s7000,s1148
56,The Next Step,s4424,s4423,s5618,s5073,s2435,s2952,s2283,s2580,s7244,s6992
56,The Perfection,s4109,s8172,s614,s3900,s2311,s2564,s7050,s3555,s1769,s3732
56,Dawai Asmara,s6762,s1404,s1877,s8664,s8795,s120,s6078,s5059,s4371,s1736
56,Princess Cyd,s7247,s2498,s3867,s3732,s852,s853,s7019,s7146,s851,s694
56,The Liar,s4315,s2148,s8245,s6922,s7976,s4572,s4598,s448,s7974,s8583
57,Tiny Pretty Things,s8787,s5360,s6312,s357,s3859,s8043,s2696,s6690,s1902,s2833
57,The Stranded,s7790,s6246,s2689,s2799,s3315,s3858,s2011,s59,s1768,s7175
57,Grandmaster,s92,s6968,s561,s43,s8205,s1679,s6916,s8299,s7441,s6283
57,Godzilla,s4770,s4209,s5477,s2283,s4604,s828,s3811,s7027,s3172,s2704
57,The Autopsy of Jane Doe,s1241,s8276,s2245,s2420,s2192,s4734,s1973,s5454,s2201,s2961
58,Destiny,s2362,s2366,s2370,s2374,s2376,s530,s2367,s2368,s2369,s6086
58,Our Planet,s2120,s5755,s1961,s7611,s8169,s4917,s6801,s3519,s3448,s5898
58,Even the Rain,s6516,s1475,s230,s5756,s5765,s1652,s141,s7716,s1769,s950
58,Ex-Boyfriend,s8293,s503,s3227,s5403,s7654,s6909,s1973,s7168,s4869,s7499
59,Afflicted,s6949,s8411,s4503,s4709,s2105,s1993,s6093,s72,s8752,s2840
59,72 Dangerous Animals: Latin America,s19,s6686,s8492,s1373,s1016,s5208,s3629,s7613,s7612,s8771
59,Nature's Great Events (2009),s3631,s6626,s1664,s6989,s2605,s89,s2262,s8221,s3919,s4647
60,Skylines,s4928,s6912,s809,s722,s29,s7916,s6504,s2542,s2763,s6400
60,Seven Souls in the Skull Castle 2011,s1133,s1131,s1132,s807,s1248,s808,s7139,s3713,s1651,s4461
60,Django Unchained,s5204,s7078,s7198,s7199,s7905,s7114,s8220,s7803,s580,s6848
60,Sirius the Jaeger,s613,s6381,s3324,s8649,s6053,s1335,s7073,s6290,s2517,s450
60,LEGO Ninjago: Masters of Spinjitzu: Day of the Departed,s5644,s3322,s8159,s6730,s7514,s6582,s7318,s2577,s424,s422
60,Streets of Fire,s606,s7901,s8198,s2567,s5842,s4068,s8018,s5829,s6728,s788
61,The Knight and the Princess,s3249,s2075,s5768,s7171,s5335,s5337,s5336,s7930,s7878,s4731
61,7 Din Mohabbat In,s7388,s3890,s959,s6247,s8487,s6443,s7795,s7174,s3132,s4541
61,It's Fine,s6078,s7535,s6159,s2380,s6173,s953,s980,s8231,s3214,s6943
62,The Universe: Ancient Mysteries Solved,s72,s3249,s5497,s5317,s1813,s2690,s495,s4449,s6603,s596
62,The World's Most Extraordinary Homes,s7087,s3585,s4556,s5937,s6111,s4243,s1746,s6334,s2930,s5930
62,Dark Tourist,s2039,s8449,s1101,s5208,s6699,s6946,s6798,s8321,s28,s5317
62,The 8th Night,s485,s1088,s6003,s7603,s1253,s6946,s6961,s3523,s4025,s3859
62,Congo,s330,s6267,s361,s6448,s583,s6330,s163,s7388,s8740,s4848
63,Little Singham: Legend of Dugabakka,s5774,s4590,s4591,s7319,s7542,s7543,s2115,s3391,s3226,s78
63,Holy Expectations,s3889,s2568,s3948,s4884,s3549,s1165,s5483,s7867,s3519,s4850
63,Merlin,s7252,s4614,s423,s6631,s6734,s4218,s6586,s1198,s3992,s4215
64,All Day and a Night,s5513,s4843,s6730,s5956,s634,s3784,s7116,s5371,s151,s1018
64,The Blind Christ,s1352,s3604,s3430,s3669,s5756,s3924,s8058,s5492,s1220,s4161
64,Containment,s2284,s8614,s7428,s2707,s876,s3958,s3923,s2542,s2933,s5836
64,OtherLife,s4457,s4741,s8004,s6768,s4420,s8083,s1330,s8033,s2982,s1341
65,Twice Upon A Time,s601,s5862,s4924,s4335,s5180,s1733,s6104,s3269,s4459,s656
65,Two Fathers,s6290,s7544,s7984,s5231,s2909,s470,s4864,s8431,s6443,s3476
65,A Korean Odyssey,s4319,s87,s6042,s2758,s1862,s6113,s1316,s4843,s2577,s5513
65,Love Storm,s6791,s7474,s7140,s490,s4614,s1871,s2657,s1327,s2490,s1940
66,B: The Beginning,s2590,s4440,s1140,s1593,s92,s6621,s7441,s923,s1644,s5705
66,Run,s3132,s2461,s6299,s7423,s4944,s27,s573,s3748,s6638,s2016
67,Jonaki,s7944,s1245,s8255,s1118,s5187,s3603,s4604,s893,s5963,s5571
67,A Series of Unfortunate Events,s1904,s583,s3948,s2184,s5012,s6856,s4862,s4533,s1370,s947
67,Gol Maal,s6523,s6486,s6255,s7189,s4226,s6531,s25,s6300,s4559,s4564
67,Rebel Without a Cause,s8339,s1470,s7010,s1241,s268,s5500,s7471,s7970,s842,s2961
67,Wrong No.,s951,s3715,s6901,s1786,s1081,s7474,s6992,s2470,s2444,s5152
68,Keymon and Nani in Space Adventure,s420,s872,s5880,s938,s4511,s6034,s1527,s3190,s3799,s4894
68,Latte and the Magic Waterstone,s6262,s7752,s6053,s2378,s6036,s6953,s5591,s5907,s6116,s6915
69,Good Burger,s6062,s3958,s7803,s5623,s8618,s5832,s5942,s3799,s2006,s3020
69,Benji: Off the Leash,s6285,s6782,s1021,s5493,s586,s4542,s8329,s8766,s5269,s4956
69,2 Hearts,s1151,s7388,s172,s617,s344,s4079,s5858,s2101,s1945,s8268
69,Thor: Tales of Asgard,s7022,s4151,s7415,s5973,s6968,s1846,s6546,s5644,s8463,s2057
70,Spirit Riding Free: Riding Academy,s4276,s6235,s6731,s6239,s6447,s694,s5173,s3173,s6246,s6824
70,The Epic Tales of Captain Underpants,s3443,s2928,s6928,s5945,s1592,s173,s5372,s153,s942,s6185
70,Charlie's Colorforms City,s1408,s7064,s7329,s4071,s114,s7279,s72,s410,s1582,s6153
70,Berserk: The Golden Age Arc II - The Battle for Doldrey,s5294,s5748,s8081,s1892,s3146,s4040,s4722,s2915,s8631,s395
71,Yours Sincerely Kanan Gill,s3469,s3869,s2545,s8688,s4514,s4420,s1726,s4919,s6707,s7142
71,Traitors,s5582,s2366,s6934,s351,s178,s787,s1371,s8761,s8371,s7477
71,Horrid Henry,s7263,s2173,s45,s3538,s42,s8516,s1074,s5266,s8116,s1421
71,Kevin James: Never Don't Give Up,s7817,s3754,s1419,s519,s794,s4250,s5040,s5929,s2979,s5043
71,Inside The Freemasons,s3896,s803,s6092,s6232,s1293,s2068,s1421,s7976,s7835,s5014
72,MOTHER,s6380,s2772,s6961,s8387,s3774,s7159,s1077,s1972,s2715,s2813
72,Raising Victor Vargas,s5323,s2138,s2329,s7890,s5026,s6668,s6085,s2233,s1365,s7926
72,Kalek Shanab,s8036,s6012,s7107,s6735,s3483,s4687,s4581,s7251,s6270,s896
72,Children of the Whales,s3139,s7429,s6437,s8704,s2848,s5546,s2336,s6516,s1972,s6552
73,Bewafaa,s7825,s4564,s439,s3497,s8228,s2668,s1598,s5231,s8486,s1501
73,Heartbreakers,s1460,s1070,s555,s8555,s2341,s164,s186,s4801,s1140,s866
73,Ideachi Kalpana,s6064,s3789,s6290,s3214,s193,s7429,s2265,s4576,s5547,s8653
73,Surat Dari Praha,s6400,s2475,s1091,s6753,s4393,s8510,s2986,s2735,s301,s4883
74,Beyblade Burst Evolution,s6085,s2296,s8058,s4139,s3419,s8755,s6996,s8712,s2888,s4121
74,ID-0,s6552,s120,s4446,s8341,s6959,s5588,s5819,s6235,s4785,s3498
74,Godzilla Singular Point,s6395,s7826,s5683,s4174,s7942,s3078,s6824,s6135,s6712,s4800
74,Case Closed,s4978,s8743,s3754,s2281,s1775,s6739,s8223,s911,s7118,s5815
74,JoJo's Bizarre Adventure,s4599,s2767,s7701,s5877,s5468,s1657,s2475,s6174,s7389,s4022
75,Bountiful Blessings,s3804,s3483,s8571,s4955,s6015,s2739,s7804,s753,s2349,s2267
75,A Heavy Heart,s2698,s630,s1856,s4549,s7916,s4396,s2380,s4960,s5552,s7445
75,Haunting on Fraternity Row,s6387,s354,s2464,s1810,s308,s888,s5748,s2848,s1204,s1034
75,Secret,s6035,s7838,s2974,s820,s4278,s6450,s8554,s27,s2271,s6419
76,Made in Mexico,s3624,s3303,s7016,s5080,s2618,s4666,s7182,s8464,s6752,s2339
77,Gad Elmaleh: American Dream,s1605,s5629,s3062,s2322,s4011,s5623,s3575,s1047,s4775,s2051
77,Occupation,s7026,s3297,s4894,s1922,s608,s1135,s2961,s6577,s8119,s1561
78,The Garden of Words,s1567,s4089,s7704,s4613,s353,s8080,s5022,s2491,s10,s6193
78,EVANGELION: DEATH (TRUE)²,s3729,s295,s646,s1135,s3953,s6448,s4191,s4140,s7318,s5617
78,Mubarakan,s1947,s7838,s7591,s6589,s4737,s4320,s3787,s2140,s7926,s8407
79,Durarara!!,s888,s6078,s6046,s6224,s1824,s2339,s5575,s6794,s941,s3211
79,Shiva: Journey to Plunotaria,s1077,s1079,s940,s939,s1009,s4178,s938,s942,s7514,s1074
79,G-Force,s4892,s7043,s4014,s5991,s2763,s1237,s3101,s6593,s1763,s1660
80,Bhaji In Problem,s4582,s5627,s6906,s4212,s1241,s873,s2722,s8773,s4734,s1327
80,Wolf,s8321,s8241,s5456,s3156,s8027,s2104,s5009,s2029,s8553,s4014
80,Club Friday To Be Continued - Friend & Enemy,s1120,s5646,s4279,s3642,s4608,s608,s2165,s440,s4048,s4961
80,Off Course,s8709,s7948,s4453,s7385,s1786,s774,s813,s3876,s6346,s8439
81,Fate/Grand Order -First Order-,s3171,s3765,s4964,s5793,s2177,s8218,s5516,s1179,s8566,s2638
81,Die Ontwaking,s6916,s3485,s3460,s8584,s2838,s7175,s2089,s5420,s7214,s5953
81,Very Big Shot,s8734,s866,s3042,s2542,s3030,s7842,s2044,s1306,s2536,s4004
82,The Crown,s8435,s1162,s607,s6682,s1773,s6454,s2489,s3262,s753,s2019
82,October Faction,s965,s2116,s3300,s5081,s1410,s2025,s2521,s257,s1846,s8182
82,The Stranded,s7790,s6246,s2689,s2799,s3315,s3858,s2011,s59,s1768,s7175
82,NSU German History X,s8441,s6144,s7833,s252,s501,s4587,s2535,s8117,s4650,s8686
83,Bright Star,s123,s268,s6271,s7174,s94,s799,s8373,s2582,s6750,s5951
83,Dilan 1991,s2392,s2532,s1238,s3197,s7248,s6671,s8235,s2505,s7189,s8578
83,72 Cutest Animals,s7557,s883,s2620,s8501,s6091,s8192,s4978,s1172,s3491,s3106
83,Ken Burns: The Roosevelts: An Intimate History,s6590,s7662,s8418,s7375,s7685,s7046,s4556,s1746,s5937,s2930
84,Inside Man: Most Wanted,s7717,s6593,s3042,s7370,s8054,s8019,s3135,s1388,s569,s2232
85,Lunatics,s1215,s4097,s5052,s260,s8396,s3592,s3313,s5561,s1807,s2512
85,Jagga Jasoos,s8653,s7804,s4450,s202,s4427,s3269,s8214,s8684,s8019,s4461
85,Jessica Darling's It List,s6611,s7306,s3315,s5938,s1750,s1263,s8758,s5427,s7894,s5467
85,Doomsday Preppers,s4314,s2769,s7604,s8623,s3148,s7551,s5147,s802,s2717,s7072
85,Teenage Mutant Ninja Turtles: The Movie,s8160,s58,s8613,s144,s8159,s3432,s1354,s1817,s62,s2680
86,The Sinner,s947,s2381,s7299,s5971,s7678,s6046,s5650,s5494,s1983,s1987
86,Diamond City,s2577,s8640,s6383,s8460,s1388,s5887,s7429,s6200,s6144,s5084
86,Highway to Heaven,s7687,s747,s810,s7833,s3139,s4576,s8249,s5757,s2837,s3005
86,Love Jones,s7174,s987,s3889,s116,s1710,s6423,s2096,s2165,s1291,s2061
87,DEATH NOTE,s5319,s5874,s1658,s7917,s3927,s4296,s7001,s5278,s8275,s7312
88,3 Idiots,s4661,s4508,s3315,s944,s4908,s260,s1157,s8466,s6288,s3469
88,Monster High: New Ghoul at School,s7494,s7493,s7490,s7501,s7497,s7499,s7498,s6582,s1097,s6154
89,Seventh Son,s2917,s7612,s8454,s7171,s4473,s615,s2654,s8230,s3234,s4250
89,The Lovebirds,s1803,s4288,s4129,s4365,s8197,s8067,s177,s7069,s5065,s3191
90,Masaba Masaba,s8121,s4294,s7365,s4439,s8427,s2834,s7159,s1404,s2694,s7182
90,Liefling,s8153,s7725,s2580,s7579,s8516,s1025,s4932,s5617,s1157,s3065
90,What's New Scooby-Doo?,s7171,s3604,s4250,s1425,s3156,s7231,s606,s8306,s2622,s448
90,Club de Cuervos Presents: The Ballad of Hugo Sánchez,s4491,s2637,s4205,s3658,s6448,s8119,s3406,s4672,s6401,s2121
90,Big Bad Beetleborgs,s1027,s7775,s1868,s8471,s4449,s1345,s3179,s7373,s6015,s6908
91,The Crystal Calls Making the Dark Crystal: Age of Resistance,s156,s8463,s6110,s1426,s8267,s4066,s5942,s739,s6030,s2262
91,Cardboard Gangsters,s4803,s7050,s30,s5314,s6322,s7432,s4827,s7096,s631,s6809
92,Apaches,s4361,s3719,s3837,s8495,s7579,s8461,s1176,s4795,s3236,s8247
92,Locked Up,s4983,s2609,s791,s1448,s6517,s6532,s6247,s1245,s4392,s3993
92,Elite Short Stories: Omar Ander Alexis,s6995,s2167,s530,s94,s8033,s1261,s5552,s6111,s8585,s3996
93,Pokémon the Movie: Power of Us,s4224,s4287,s5013,s417,s3351,s6955,s3055,s3202,s3192,s2212
93,Naruto Shippuden: The Movie: The Lost Tower,s57,s7560,s59,s5950,s6847,s8700,s1644,s5917,s8485,s62
94,Kuroko's Basketball,s3315,s28,s8755,s2030,s6511,s306,s6192,s7495,s6063,s7714
94,The Last Kids on Earth,s8805,s7788,s1872,s7960,s780,s8011,s1335,s1036,s8474,s6012
94,Fida,s7153,s645,s4428,s3915,s1942,s3714,s4070,s5131,s3617,s3381
94,Voltron: Legendary Defender,s2012,s7293,s2028,s8163,s1958,s1545,s4296,s4657,s8115,s7517
94,Inuyasha the Movie - La spada del dominatore del mondo,s7090,s55,s54,s7089,s52,s7091,s1123,s3422,s582,s95
94,The Adderall Diaries,s1777,s5455,s7653,s8089,s7950,s6441,s1882,s4463,s5223,s4938
95,Not a Game,s1162,s7323,s624,s3395,s5707,s8633,s7200,s2356,s571,s8125
95,The Price of Success,s7412,s3762,s5855,s6981,s4562,s7622,s6728,s1123,s1330,s2863
95,Hum Saath-Saath Hain,s7023,s7388,s2958,s2341,s2340,s1388,s5303,s7285,s978,s8800
95,The Bare-Footed Kid,s7304,s6772,s2772,s5312,s3449,s5744,s5461,s6738,s7358,s6781
96,The Irregular at Magic High School,s353,s6845,s2958,s1423,s7140,s4971,s7208,s3249,s6976,s4612
96,Love Me or Leave Me,s7537,s4840,s7096,s3497,s705,s7792,s689,s4072,s1892,s421
97,Voices of Fire,s8662,s2755,s8745,s6243,s117,s6860,s8327,s6241,s8329,s7274
97,The Blacklist,s3618,s501,s6270,s192,s6915,s5532,s217,s8695,s7336,s5575
97,Al Hayba,s872,s4453,s1334,s975,s7818,s7285,s1826,s7938,s2374,s1833
97,Take My Brother Away,s3792,s3136,s8228,s7806,s5291,s2997,s115,s6637,s3914,s7580
97,Fartsa,s6856,s5487,s2926,s1679,s7968,s7520,s5597,s4160,s4450,s3173
97,Nurse Jackie,s3430,s5961,s5454,s2301,s5725,s5936,s5616,s7860,s5153,s5219
98,The Innocence Files,s7239,s2511,s2883,s4599,s2244,s6283,s6300,s6519,s4592,s911
98,Boca Juniors Confidential,s4491,s8115,s6476,s8058,s6788,s2385,s6687,s4301,s4302,s7617
99,The Nutty Professor II: The Klumps,s6019,s3373,s5213,s6165,s25,s6843,s1683,s3777,s7032,s4913
99,Drunk Parents,s1514,s6126,s6222,s4616,s6029,s6351,s4426,s4384,s1358,s8521
99,Chance Pe Dance,s1859,s3915,s4423,s6278,s2329,s3592,s1942,s6810,s5105,s2051
99,Gnome Alone,s7487,s7010,s4296,s2378,s7733,s883,s7917,s5544,s4061,s308
99,Asu Mare 2,s7429,s2701,s469,s6641,s8392,s1796,s5462,s2315,s7961,s7944
100,Umrika,s5399,s5009,s7396,s6437,s6367,s5768,s2075,s8714,s5575,s7174
100,The Christmas Project,s8442,s3548,s1935,s2717,s4872,s1750,s4141,s7817,s787,s6387
101,Insidious,s308,s1285,s7729,s1284,s3078,s4134,s7556,s1101,s3310,s1815
101,Unfriended,s4746,s5943,s6202,s1047,s6332,s5081,s2201,s2027,s8005,s1982
101,The Forest,s1599,s3430,s25,s8500,s4709,s6306,s6513,s6453,s7966,s8646
101,Blood Red Sky,s6327,s1803,s927,s824,s3936,s8497,s7064,s1931,s4260,s6061
101,Tales From the Hood 2,s2539,s7516,s3896,s5272,s6985,s1485,s2139,s8766,s2987,s797
102,2012,s5982,s947,s2490,s6791,s4293,s8309,s729,s6711,s8254,s747
102,La Révolution,s7612,s2917,s8353,s2654,s2122,s6176,s1843,s5444,s8331,s3557
102,Tales From the Hood 2,s2539,s7516,s3896,s5272,s6985,s1485,s2139,s8766,s2987,s797
103,Oh! Baby (Malayalam),s3494,s3517,s6020,s2850,s7097,s1282,s4568,s206,s4597,s5550
103,Mariah Carey's Merriest Christmas,s5929,s7249,s5326,s3333,s993,s3158,s1390,s1794,s4374,s7789
103,Chris Brown: Welcome to My Life,s2633,s1249,s4302,s3245,s6454,s5972,s4631,s2162,s5897,s7011
104,Game Over (Tamil Version),s3570,s3571,s7754,s7368,s6758,s1213,s2674,s7827,s8189,s1567
104,Savita Damodar Paranjpe,s1394,s8592,s8684,s1815,s6300,s3714,s5601,s4561,s4593,s4362
104,Equestria Girls: Tales of Canterlot High,s5774,s4365,s7,s7523,s7035,s7952,s7543,s944,s8560,s7601
104,Medium,s5792,s5994,s1482,s2411,s8223,s6303,s8752,s7659,s7986,s4187
105,13 Reasons Why,s6600,s8124,s8014,s8487,s3719,s2412,s2679,s8137,s6170,s7191
105,V Wars,s6955,s2758,s3629,s4964,s7371,s104,s2068,s7967,s5516,s8163
106,Wheels of Fortune,s2573,s2571,s1551,s1306,s3005,s8596,s7965,s959,s1255,s2882
106,Riding Faith,s6859,s7899,s7402,s108,s1598,s6078,s8697,s7517,s5143,s995
106,He-Man and the Masters of the Universe,s3523,s2357,s1107,s6772,s2861,s4771,s3192,s3070,s6601,s2385
106,Gun Runners,s4959,s8762,s4113,s6568,s5080,s5295,s7472,s7866,s3909,s3922
106,The Healer,s7901,s8012,s2906,s1601,s8254,s3146,s8286,s4734,s616,s2455
107,Hemlock Grove,s7219,s951,s3263,s7026,s3766,s965,s7828,s470,s5303,s1561
107,Yu-Gi-Oh! Arc-V,s6047,s6119,s8011,s4209,s2899,s7645,s7571,s543,s8268,s2002
108,A Touch of Green,s1252,s4125,s5688,s6185,s7677,s4468,s2148,s857,s6686,s6861
108,My First First Love,s8119,s4446,s1676,s7999,s557,s1810,s5123,s2465,s7894,s1137
108,Rosemary's Baby,s4553,s2551,s8101,s2494,s2343,s1323,s7567,s8640,s8152,s3714
108,Black Space,s5333,s6565,s2838,s5456,s3946,s4501,s7822,s4869,s1282,s801
109,Another Miss Oh,s7140,s8703,s6000,s4166,s459,s3922,s6878,s4514,s5014,s5621
109,Cheese in the Trap,s2651,s7959,s2411,s7825,s2834,s6806,s3214,s3309,s775,s6351
109,Feels Like Ishq,s694,s6703,s4226,s3550,s3194,s3139,s7474,s234,s3063,s4042
109,Pretty Man,s1945,s5858,s5617,s3315,s775,s5550,s2392,s5470,s6098,s4040
110,Better Call Saul,s2722,s4379,s4149,s7005,s613,s7476,s8117,s7154,s3429,s7179
110,Mia and Me,s6535,s1753,s2208,s4783,s2280,s423,s6078,s2596,s3181,s7079
110,Be with You,s2411,s4699,s7832,s2320,s6739,s1342,s5847,s8780,s1512,s986
111,Black Butler,s2280,s6535,s4783,s7079,s8260,s55,s2596,s1554,s2093,s5352
111,My Only Mother,s4039,s8445,s3991,s4070,s6856,s470,s7899,s7984,s5944,s2336
112,Heart & Soul,s8622,s1473,s4754,s5798,s5962,s6091,s4878,s7438,s4692,s4903
112,GAME ON: A Comedy Crossover Event,s4895,s5658,s6238,s1986,s5262,s2997,s7981,s2818,s6765,s94
112,Vivo,s8132,s6824,s593,s8125,s3321,s8259,s5737,s2096,s4978,s6893
112,First Team: Juventus,s2296,s8058,s6279,s6761,s6810,s1445,s3315,s8115,s4491,s657
112,Trio and a Bed,s7551,s5899,s1009,s4075,s699,s120,s742,s7591,s3273,s6207
112,Winter Sun,s7584,s4046,s3512,s917,s4794,s82,s25,s5295,s1621,s1863
113,Ultraviolet,s6704,s3325,s8013,s8201,s6260,s7336,s2969,s555,s7163,s3255
113,The Net,s271,s8321,s3202,s6498,s4338,s1803,s142,s7817,s1622,s8617
114,Grandmother's Farm,s2465,s6769,s1868,s2996,s1666,s2848,s3546,s3202,s5756,s6118
114,Gonul,s6104,s5481,s5738,s1847,s7556,s5957,s7593,s3197,s7588,s2075
114,The Super,s2837,s430,s7105,s6943,s2782,s1119,s7263,s5026,s8170,s5318
114,The Texas Chainsaw Massacre,s619,s3151,s5710,s950,s6171,s8163,s3126,s4324,s6805,s2121
115,Dolly Parton's Heartstrings,s1093,s1883,s2311,s6332,s8164,s6480,s1367,s3212,s7534,s3715
115,Raising Dion,s7815,s403,s2821,s888,s8036,s7323,s1871,s7817,s686,s6170
115,Wolves,s3555,s7235,s6579,s4803,s6511,s1439,s2941,s6875,s6085,s2888
116,I Am Mother,s2068,s3171,s2841,s2874,s4286,s8324,s6078,s7248,s3090,s8471
116,Star Trek: Enterprise,s1408,s883,s8513,s613,s117,s1500,s4348,s1191,s72,s8052
117,Beirut Oh Beirut,s1832,s1720,s1827,s1823,s3543,s4797,s636,s4526,s6684,s7806
117,Logan's Run,s8026,s3710,s582,s4563,s8243,s5137,s5635,s7171,s803,s7860
117,The Negro Soldier,s8334,s5758,s787,s8783,s950,s5892,s8292,s5582,s8718,s8371
118,The Nutty Professor II: The Klumps,s6019,s3373,s5213,s6165,s25,s6843,s1683,s3777,s7032,s4913
118,Under the Eiffel Tower,s4959,s6909,s4104,s5591,s1475,s6990,s4948,s1264,s8500,s1522
118,The Society,s4507,s3238,s1705,s6318,s8625,s1803,s1079,s1104,s3327,s1839
118,That '70s Show,s8012,s4293,s617,s8212,s5485,s348,s6984,s2746,s2742,s1419
119,Brews Brothers,s3889,s30,s741,s2696,s4884,s7402,s6882,s5184,s7634,s2310
119,Ek Main Aur Ekk Tu,s7838,s2734,s999,s201,s3194,s4446,s1944,s4726,s8000,s2720
119,Arrested Development,s5725,s5936,s8772,s5153,s8137,s4811,s7388,s8014,s1000,s5311
120,The Ingenuity of the Househusband,s1210,s2322,s7733,s1388,s2313,s6666,s1486,s8460,s5144,s8010
120,Club Friday To Be Continued - Friend & Enemy,s1120,s5646,s4279,s3642,s4608,s608,s2165,s440,s4048,s4961
120,Jimi Hendrix,s6006,s2633,s7013,s1617,s1746,s7519,s3663,s6680,s5853,s1288
120,Love Rosie,s5550,s2167,s5180,s5688,s2997,s1215,s4709,s7614,s6130,s2583
121,The Umbrella Academy,s1067,s3991,s5052,s3663,s4919,s3863,s1341,s1191,s6193,s7701
121,Parasyte: The Maxim,s5305,s485,s72,s4501,s1179,s1582,s8112,s4928,s6961,s5497
121,Ares,s7224,s1904,s8488,s8466,s6827,s374,s5627,s8567,s3409,s1972
121,Once Upon A Time In Lingjian Mountain,s7078,s7198,s7199,s7114,s7803,s5204,s393,s3078,s4589,s8252
121,A House of Blocks,s7651,s2929,s4848,s3303,s8789,s2990,s3321,s5219,s6976,s8277
121,Shadow and Bone,s8204,s5074,s5485,s7080,s1643,s3224,s3917,s1644,s4513,s7824
122,Once Upon a Time in America,s7660,s8232,s7203,s4474,s8170,s6881,s3274,s4300,s7864,s2673
123,Anitta: Made In Honório,s91,s4924,s7622,s3377,s7709,s8632,s2976,s1162,s4362,s4766
123,Hamid,s5447,s1834,s117,s4475,s644,s36,s2336,s2335,s2232,s1368
123,Wonder Boy,s7125,s1902,s5832,s8463,s7804,s8732,s2930,s4107,s2976,s3539
124,Stay Tuned!,s6662,s352,s3363,s6270,s4978,s1380,s6624,s2388,s2727,s3300
124,A Night at the Roxbury,s2144,s4229,s2170,s2578,s4546,s7492,s7516,s7035,s7639,s1614
124,Ex-Boyfriend,s8293,s503,s3227,s5403,s7654,s6909,s1973,s7168,s4869,s7499
125,Tabula Rasa,s6870,s5219,s5957,s76,s1803,s8121,s6291,s6034,s4088,s8684
125,The Mars Generation,s72,s1317,s8388,s6174,s1343,s4896,s2331,s1365,s420,s5015
126,House Party 2,s3920,s7320,s147,s78,s145,s4392,s7211,s8073,s5528,s5974
126,Running Shaadi,s254,s164,s2235,s4594,s1634,s5013,s5544,s5652,s7668,s6893
126,Austin Powers: International Man of Mystery,s564,s562,s8638,s6613,s5776,s6702,s3428,s6843,s2544,s4657
126,Among Family,s3372,s6530,s1954,s7981,s2361,s5977,s7534,s8794,s8461,s2375
127,Criminal: Spain,s2897,s4503,s4709,s2105,s7043,s72,s6852,s5228,s8664,s4560
127,Angel Beats!,s6900,s3524,s4220,s4869,s8581,s1087,s1460,s353,s2156,s8066
127,Tidelands,s1657,s4645,s5065,s2837,s5043,s2316,s5513,s1809,s2957,s8792
127,Kingdoms of the Sky,s8399,s5983,s4784,s7618,s3318,s3910,s3150,s118,s5999,s6589
127,Once In A Lifetime Sessions with Nile Rodgers,s7657,s4299,s5637,s2633,s7181,s1055,s7136,s1883,s4009,s7942
127,Pretty Guardian Sailor Moon Eternal The Movie,s7607,s6655,s3869,s7317,s410,s5081,s5312,s4072,s6113,s6433
127,Pyaar Tune Kya Kiya,s1270,s2172,s5820,s7463,s2348,s6019,s7923,s3071,s7160,s139
128,At the Dolphin Bay,s7160,s6231,s7540,s4823,s1856,s3533,s8510,s1123,s301,s5550
128,Elite Short Stories: Carla Samuel,s8656,s7712,s1892,s1193,s6393,s5045,s1261,s3194,s4672,s7739
128,Secret Affair,s4435,s8158,s2457,s815,s2095,s2420,s5908,s8602,s7120,s6503
129,Miss Panda & Mr. Hedgehog,s5605,s5462,s5516,s3487,s453,s6961,s4681,s813,s315,s2042
129,As Above So Below,s1264,s5529,s6605,s2764,s1790,s797,s4004,s364,s1831,s3931
129,Kon Kon Kon,s7224,s6021,s2577,s5662,s7417,s1089,s1018,s642,s6686,s8099
129,Silent Hill: Revelation,s954,s7362,s4572,s1178,s4107,s7553,s8560,s3300,s1424,s8054
130,The Interview,s4939,s4719,s6791,s2572,s2455,s3229,s6711,s3306,s5124,s5992
130,Angu Vaikuntapurathu (Malayalam),s2874,s2272,s8773,s3318,s8324,s7248,s4189,s3765,s4082,s7100
130,Dragon Tiger Gate,s5842,s2221,s5875,s2011,s1072,s6465,s6643,s5874,s1074,s6646
130,Jurassic World Camp Cretaceous,s3799,s7491,s6629,s228,s2564,s2780,s5125,s6330,s1789,s6980
131,Cable Girls,s4733,s7273,s8603,s2320,s8232,s6207,s3907,s7008,s7247,s3915
131,Diablero,s2882,s7287,s1482,s7981,s5399,s2991,s3784,s8653,s7461,s1537
132,Tunnel,s399,s5447,s5023,s1630,s6708,s4692,s2444,s5621,s5494,s1648
132,Fate/Zero,s7072,s4218,s173,s7466,s7597,s3636,s1030,s795,s8011,s582
132,People Just Do Nothing,s2398,s8458,s7352,s3219,s7944,s7558,s6314,s2156,s6981,s6824
133,Puss in Boots,s4138,s4761,s2764,s1370,s8182,s5973,s1204,s1845,s6768,s6916
133,Dragons: Dawn of the Dragon Racers,s5737,s6235,s334,s217,s7146,s2011,s4471,s7402,s8613,s2764
133,The Indian in the Cupboard,s8267,s8499,s8515,s4151,s330,s1901,s574,s8740,s7953,s7791
134,The Blue Elephant 2,s6887,s5638,s2334,s5962,s2488,s6109,s8002,s1261,s2502,s3730
135,Gol Maal,s6523,s6486,s6255,s7189,s4226,s6531,s25,s6300,s4559,s4564
135,The Lobster,s2707,s1348,s4783,s6791,s3444,s1785,s7088,s3889,s5147,s5268
136,Bangkok Love Stories: Hey You!,s6871,s2458,s7533,s3804,s1775,s4714,s7622,s7656,s1373,s3993
136,Bleach the Movie: Hell Verse,s4244,s1388,s4193,s5749,s5600,s7999,s8182,s178,s6327,s6779
137,Motu Patlu in the City of Gold,s938,s1009,s1072,s939,s942,s7514,s1074,s1007,s1075,s941
137,Dad Wanted,s5059,s4213,s7110,s4004,s4859,s6503,s4402,s3663,s594,s3460
137,Barbie Princess Adventure,s5270,s6243,s6238,s6242,s6244,s4387,s131,s6239,s1027,s6312
137,Monster Hunter: Legends of the Guild,s81,s6522,s5982,s6848,s8783,s1335,s2011,s6761,s4471,s8595
137,The Healing Powers of Dude,s8011,s7547,s8226,s6738,s3399,s1210,s452,s830,s344,s7540
137,Mia and Me,s6535,s1753,s2208,s4783,s2280,s423,s6078,s2596,s3181,s7079
137,The Epic Tales of Captain Underpants,s3443,s2928,s6928,s5945,s1592,s173,s5372,s153,s942,s6185
137,The Flintstones in Viva Rock Vegas,s8305,s8516,s326,s8153,s3545,s3032,s6007,s6744,s2639,s7866
138,Thong Dee Fun Khao,s5189,s7193,s1471,s7927,s1958,s6571,s6761,s1074,s8613,s4701
138,Yaadein,s7707,s7184,s6073,s8145,s7160,s1676,s2279,s7080,s201,s8673
139,Girls und Panzer,s3240,s2497,s5011,s1715,s8785,s4817,s2442,s4813,s6258,s986
140,Queer Eye: We're in Japan!,s5874,s3896,s3469,s1957,s1105,s5390,s1313,s2721,s8201,s2777
140,Singles Villa,s4793,s876,s6984,s4078,s252,s1115,s6046,s4539,s7000,s1148
141,Toradora!,s1706,s8090,s7549,s8586,s4565,s1825,s2986,s5416,s3238,s651
141,Accidentally in Love,s3300,s3439,s5662,s614,s7544,s8773,s1678,s6258,s7940,s2411
141,Life Plan A and B,s7137,s3115,s8725,s6035,s248,s5533,s4608,s5486,s775,s6763
141,Man to Man,s2594,s1609,s6393,s824,s1675,s5052,s1605,s7353,s944,s2513
141,Love for Ten: Generation of Youth,s6297,s1238,s5154,s6495,s7968,s2271,s916,s139,s7846,s820
141,Gameboys Level-Up Edition,s7328,s910,s7345,s6063,s1254,s4666,s2436,s4344,s5986,s7850
141,Vroomiz,s753,s6221,s4893,s6222,s4573,s5710,s3332,s8297,s4039,s1171
141,Zombie Dumb,s7287,s2882,s7461,s7840,s8484,s407,s3226,s1893,s5004,s1880
142,Put Your Head on My Shoulder,s335,s5899,s1498,s3273,s899,s4021,s6137,s3153,s4578,s7707
142,Secret of Success,s375,s6257,s4196,s2860,s3961,s4156,s6884,s4859,s3398,s4455
142,Beating Again,s2248,s7021,s1442,s6852,s1475,s4445,s2841,s2874,s4338,s4412
142,Club Friday To Be Continued - The Promise,s4823,s7160,s8055,s6071,s5688,s2916,s201,s8771,s7103,s130
142,Bangkok Love Stories: Innocence,s7688,s342,s1967,s4303,s8310,s4714,s8353,s1503,s6240,s1435
142,Dramaworld,s4220,s65,s4988,s8463,s2696,s8155,s3918,s7671,s812,s1857
143,The Sky Is Pink,s6995,s1658,s3399,s3864,s3224,s4220,s4869,s4960,s350,s1014
143,Dollar,s943,s1012,s351,s7127,s820,s800,s6889,s7112,s6212,s7092
143,Tramps,s3565,s794,s4446,s2758,s3784,s7476,s5123,s7795,s1941,s7000
144,The Time Machine,s6153,s5016,s6221,s5108,s8252,s970,s490,s5018,s8314,s5017
145,Dhobi Ghat (Mumbai Diaries),s4563,s2577,s7681,s1229,s3403,s7361,s6762,s4446,s2651,s2044
145,Ojukokoro: Greed,s1334,s7266,s203,s4539,s3144,s4453,s7263,s6921,s7475,s202
145,The 3rd Eye,s3758,s3949,s4196,s6056,s4195,s4375,s837,s6211,s4278,s8510
145,Life,s5962,s3430,s2630,s47,s3934,s3940,s1261,s1359,s1319,s3974
145,Atypical,s5680,s2417,s2288,s7096,s2324,s8704,s6667,s2431,s2686,s503
146,Surviving Death,s3829,s6692,s2568,s333,s7170,s8112,s4448,s4294,s2019,s2031
146,Star Trek: Deep Space Nine,s72,s5497,s2156,s672,s2799,s8052,s8053,s3604,s6174,s1408
146,Breaking Free,s7946,s318,s6781,s1032,s6900,s7365,s6151,s7353,s4463,s2777
147,ParaNorman,s8291,s2961,s1331,s8226,s1121,s1696,s1839,s3823,s1047,s3098
147,Dead to Me,s7906,s8396,s8320,s8231,s6596,s6132,s8689,s1051,s7691,s7896
147,Killer Ratings,s8013,s4443,s7666,s4415,s6036,s4423,s6066,s6203,s4924,s1799
147,Muppets Most Wanted,s8431,s3318,s2108,s4672,s4594,s1511,s788,s6512,s1416,s174
148,Beyond the Boundary: ICC Women's T20 World Cup Australia 2020,s4441,s6293,s7307,s7219,s8703,s4514,s617,s1487,s2777,s3988
148,First Match,s6245,s5323,s4921,s7554,s2957,s2905,s7584,s8730,s4708,s5552
148,Scandal in Sorrento,s8507,s1516,s8572,s5992,s1839,s7553,s1696,s4316,s6007,s1359
148,The Outlaw Josey Wales,s943,s351,s1090,s7127,s800,s7092,s6889,s5990,s5926,s461
149,Lil Peep: Everybody’s Everything,s4631,s4097,s3375,s1768,s1208,s7709,s2232,s7601,s7581,s8620
149,Diana: In Her Own Words,s6454,s5907,s7013,s7011,s4231,s2633,s1249,s97,s6476,s6941
149,Trese After Dark,s1426,s5558,s730,s3518,s913,s976,s4076,s5664,s1288,s4956
149,NOVA: Bird Brain,s6034,s333,s5048,s4754,s976,s4850,s5751,s1969,s8724,s1009
150,Thus Spoke Kishibe Rohan,s6078,s4333,s7261,s1006,s1345,s1424,s1638,s4581,s237,s238
150,Trolls: The Beat Goes On!,s5134,s1703,s1589,s2565,s3443,s1592,s4953,s6769,s1100,s349
150,Chhota Bheem: Dus Pe Dus,s424,s414,s6465,s6646,s416,s413,s423,s410,s407,s412
150,Equestria Girls: Tales of Canterlot High,s5774,s4365,s7,s7523,s7035,s7952,s7543,s944,s8560,s7601
150,Zombie Dumb,s7287,s2882,s7461,s7840,s8484,s407,s3226,s1893,s5004,s1880
151,Terrorism Close Calls,s8192,s6531,s6146,s8508,s7804,s6310,s1900,s1593,s8195,s307
151,Spiritual House,s5449,s123,s4696,s2398,s7087,s4209,s5477,s8134,s4770,s5962
151,The Day I Met El Chapo,s319,s1746,s4214,s6958,s3819,s5895,s3024,s8018,s743,s5463
151,India: Nature's Wonderland,s3206,s1293,s8633,s6650,s7381,s6665,s3650,s4222,s896,s3864
152,U-Turn,s3300,s3567,s7362,s410,s8277,s1293,s5557,s7725,s8678,s2759
152,Fools Rush In,s7248,s5488,s8220,s7104,s5525,s4754,s5606,s7792,s4900,s2325
153,Klaus,s4071,s2657,s4355,s5859,s167,s1545,s5619,s1601,s8247,s1704
153,Finding Hubby,s2301,s5550,s4444,s3867,s2336,s496,s3180,s1137,s2155,s6371
153,Christmas with the Kranks,s336,s119,s3189,s890,s5190,s3623,s6036,s334,s3232,s6819
154,Aelay,s2987,s736,s8629,s5971,s4443,s1070,s5616,s6171,s3963,s5967
154,There Will Be Blood,s3710,s1053,s342,s7844,s582,s6712,s7938,s2736,s5080,s87
154,Edge of Fear,s6947,s7219,s3814,s712,s3263,s719,s336,s7654,s169,s8649
154,The Maus,s1341,s787,s6898,s4936,s8444,s4916,s7538,s8117,s8083,s7910
154,White Girl,s694,s6504,s8093,s5662,s8128,s3819,s5454,s7167,s6340,s763
154,Every Time I Die,s2165,s3403,s8338,s1778,s5615,s7999,s2619,s8299,s6239,s1277
155,Between Maybes,s3993,s8510,s2909,s6701,s6297,s1016,s7035,s6306,s4994,s7363
155,The Kite,s2611,s614,s8257,s2617,s4472,s4586,s8696,s5453,s7310,s2579
155,Before I Fall,s6201,s6446,s378,s8487,s7593,s6340,s6791,s830,s1055,s3653
155,The Lighthouse of the Orcas,s3669,s4626,s8201,s7776,s2560,s1870,s8457,s4709,s7262,s6012
155,This Is Not What I Expected,s5315,s2723,s4242,s5117,s6962,s6345,s2349,s8788,s2105,s7620
156,Traitors,s5582,s2366,s6934,s351,s178,s787,s1371,s8761,s8371,s7477
156,Black Earth Rising,s8404,s5143,s6900,s6833,s6375,s4627,s2475,s5601,s3081,s3704
156,Secret of the Nile,s2452,s2105,s1903,s4971,s3758,s3348,s470,s5963,s2695,s4191
156,Lost & Found Music Studios,s6630,s4078,s5360,s2331,s7351,s4668,s6824,s3830,s6314,s7107
157,The Ottoman Lieutenant,s8013,s2142,s6054,s8805,s5487,s6880,s1825,s6494,s2387,s2366
157,Big Stone Gap,s1241,s8625,s6376,s4734,s3532,s819,s8448,s815,s28,s4087
157,Happy Anniversary,s1810,s3603,s6791,s2504,s6882,s4199,s2184,s6820,s1837,s2053
157,Tramps,s3565,s794,s4446,s2758,s3784,s7476,s5123,s7795,s1941,s7000
157,Sleepover,s3319,s5529,s353,s3315,s6875,s6371,s3867,s4921,s7951,s334
158,Khawatir,s2404,s782,s2362,s6773,s6782,s1523,s3907,s3927,s6046,s2507
158,100% Hotter,s2742,s1152,s7739,s2688,s4714,s3993,s8789,s2811,s1753,s2860
159,Kuroko's Basketball,s3315,s28,s8755,s2030,s6511,s306,s6192,s7495,s6063,s7714
159,Prom Night,s1140,s2030,s5980,s1103,s7000,s585,s6424,s6579,s8783,s1319
160,Bill Hicks: Relentless,s4231,s7461,s4234,s5046,s5534,s4241,s7906,s2017,s7109,s5519
160,Todd Glass: Stand-Up Special,s5379,s5068,s4236,s5327,s5109,s5493,s4246,s4241,s3646,s4223
160,Katt Williams: The Pimp Chronicles: Pt. 1,s4789,s7179,s2404,s228,s7129,s2220,s4452,s1253,s3513,s7415
160,A Haunting at Silver Falls: The Return,s4478,s7837,s52,s7091,s5956,s4440,s5953,s3811,s1368,s4682
160,The Devil and Father Amorth,s8277,s644,s744,s4063,s8199,s7493,s7499,s7498,s3867,s3587
160,Tremors 2: Aftershocks,s1817,s8581,s4471,s5959,s8625,s7606,s8565,s2769,s5842,s4851
161,Record of Youth,s2742,s8789,s7182,s4191,s4209,s709,s6152,s5085,s5111,s6762
161,Ridley Jones,s406,s938,s5420,s4956,s147,s1704,s5183,s8785,s7319,s1097
161,Kota Factory,s2691,s2092,s2273,s4077,s8613,s8233,s5832,s8147,s4921,s8493
161,Marseille,s3889,s7734,s1781,s485,s5294,s2852,s215,s4861,s7428,s209
162,Baahubali: The Beginning (English Version),s5338,s5340,s5339,s5336,s5335,s5337,s2121,s328,s4864,s3181
163,Worn Stories,s5587,s4399,s6330,s4452,s1263,s3389,s2836,s1883,s6034,s1631
163,Hangar 1: The UFO Files,s6039,s7245,s1413,s403,s7613,s729,s8321,s1263,s8457,s624
163,Pasión de Gavilanes,s6177,s6387,s6734,s4457,s8290,s8649,s5336,s4586,s5335,s5337
164,Prank Encounters,s1158,s4010,s3924,s5738,s7591,s943,s397,s3920,s1205,s2316
165,Soul Eater,s8116,s7303,s6843,s8307,s2568,s3923,s2104,s8275,s158,s7489
165,Yummy Mummies,s3214,s7015,s2689,s4161,s1476,s3477,s8061,s2196,s3269,s1158
166,Kicko & Super Speedo,s6174,s1077,s5644,s6782,s1011,s3202,s7499,s7314,s6040,s7319
166,Arisan 2,s7899,s5130,s5688,s6107,s4125,s2979,s8664,s4268,s4053,s6961
166,Haapus,s1070,s8628,s3157,s2017,s8099,s4871,s8347,s2020,s3179,s7373
167,MeatEater,s2155,s7670,s1666,s3312,s5597,s6093,s1305,s7072,s8211,s7309
167,Holy Goalie,s1445,s7617,s7338,s6018,s8788,s6830,s1512,s8054,s6526,s1889
168,Dear My Friends,s857,s2701,s7542,s5550,s839,s1412,s5688,s4069,s1600,s3469
168,Get Smart,s6019,s6165,s181,s7443,s6849,s4343,s8033,s1634,s563,s8076
168,Oh No! It's an Alien Invasion,s1495,s425,s7291,s7514,s420,s6582,s7318,s2177,s1074,s883
169,Rooting for Roona,s737,s7260,s5455,s4599,s1567,s2368,s3400,s6500,s4514,s4082
169,Set It Up,s2544,s1003,s5102,s3533,s3135,s5636,s7351,s3835,s586,s6922
169,Mujrim,s5131,s5132,s5463,s5310,s5080,s5409,s5448,s7260,s2588,s6558
170,Fierce,s6795,s2485,s5534,s4976,s2296,s1373,s4076,s4794,s4199,s7135
170,Real Steel,s8455,s6306,s962,s4296,s6246,s6873,s8580,s1471,s4657,s7826
170,Andaz Apna Apna,s1796,s6845,s6247,s1867,s7802,s2511,s4661,s6107,s4611,s4812
170,Chicago Party Aunt,s3561,s7797,s3167,s5534,s983,s8800,s1019,s6754,s4776,s5486
170,Earth to Echo,s150,s6448,s4384,s5973,s7739,s4592,s3995,s1617,s3452,s8252
171,The Uncanny Counter,s4539,s55,s3699,s2691,s7318,s3042,s1899,s7316,s1285,s6548
171,Headspace Guide to Sleep,s718,s1263,s4005,s7403,s8677,s747,s8738,s5354,s7626,s417
172,Dark City Beneath the Beat,s5628,s6941,s5755,s4723,s2742,s3762,s5111,s2655,s7940,s4714
172,Rattlesnake,s5208,s247,s4472,s7392,s1899,s8014,s7517,s7844,s1380,s5862
172,AlphaGo,s6069,s5999,s8026,s134,s6717,s508,s3632,s5950,s6547,s5080
172,Diana: 7 Days That Shook the World,s607,s1670,s7971,s3347,s4769,s725,s8517,s5783,s5467,s7380
172,The Super,s2837,s430,s7105,s6943,s2782,s1119,s7263,s5026,s8170,s5318
172,Tremors 2: Aftershocks,s1817,s8581,s4471,s5959,s8625,s7606,s8565,s2769,s5842,s4851
173,Top Boy,s7586,s6868,s5544,s6070,s1330,s873,s74,s6338,s6337,s8503
173,Fear Street Part 3: 1666,s551,s480,s3238,s4464,s6600,s1424,s3909,s5484,s6943,s8516
173,Club Friday To Be Continued - Friend & Enemy,s1120,s5646,s4279,s3642,s4608,s608,s2165,s440,s4048,s4961
173,Zombieland,s6013,s8637,s1632,s8112,s2180,s2092,s6880,s3912,s1265,s3651
174,Dancing Queen,s7140,s4423,s801,s2952,s4424,s5618,s2435,s925,s2130,s209
174,Stretch Armstrong: The Breakout,s7316,s8660,s7075,s8356,s6174,s1435,s142,s5774,s7431,s2096
174,Monster High: Freaky Fusion,s7497,s7500,s7496,s7491,s7499,s7498,s6240,s5957,s8276,s8532
174,You Can Tutu,s7860,s6651,s2899,s6312,s4006,s1296,s6438,s4333,s914,s2733
175,Michelle Buteau: Welcome to Buteaupia,s3536,s6904,s7266,s8115,s5431,s4713,s3229,s6928,s4867,s2770
175,My Sassy Girl,s5847,s985,s6739,s3794,s2684,s3523,s6577,s6018,s3137,s6734
175,Svaha: The Sixth Finger,s8421,s8347,s7844,s1644,s6727,s4603,s424,s5032,s6912,s5236
175,Gina Yashere: Laughing to America,s4236,s1510,s5425,s2221,s2687,s8803,s5379,s7342,s6311,s3759
175,Jim Gaffigan: Cinco,s5819,s5690,s5860,s4483,s2979,s5788,s5481,s5817,s5269,s4026
175,Deviant Love,s384,s2782,s8736,s7373,s493,s8567,s7388,s1195,s1119,s1692
176,ZZ TOP: THAT LITTLE OL' BAND FROM TEXAS,s5603,s8012,s1054,s984,s3146,s8492,s7634,s2432,s4302,s1518
176,Act of Vengeance,s1212,s6513,s8565,s8485,s1289,s8661,s8683,s2080,s6501,s5454
176,Cloud Atlas,s8416,s7152,s8415,s8417,s2475,s2754,s1093,s1234,s8684,s2144
176,Jericho,s8449,s3653,s7316,s1665,s8660,s7538,s4991,s594,s653,s6965
176,Breaking Boundaries: The Science Of Our Planet,s4178,s6812,s7571,s1500,s6020,s5757,s8758,s8167,s4984,s2245
177,Indian Matchmaking,s6516,s5939,s4840,s8728,s8048,s8137,s2664,s3344,s5544,s2265
177,Shaitan,s1142,s719,s1943,s6233,s2634,s2456,s87,s8014,s1583,s3192
178,Sister Sister,s7611,s7145,s8310,s25,s5081,s6867,s8414,s5467,s6428,s144
178,We're Lalaloopsy,s3910,s2639,s2082,s1019,s8082,s3249,s5735,s7277,s4895,s7549
178,Yoko,s8785,s4657,s948,s4096,s5755,s8191,s3910,s6209,s4894,s346
179,The Break with Michelle Wolf,s3161,s5645,s3106,s6126,s2850,s625,s6222,s4939,s4301,s5725
179,Bonnie and Clyde,s3967,s7734,s1240,s5409,s5441,s1457,s6013,s7138,s3979,s2929
179,Enter the Dragon,s4193,s39,s6544,s602,s2221,s7446,s1072,s929,s688,s5842
180,Zero,s5051,s6868,s3323,s1645,s6904,s8489,s6132,s4478,s5626,s3923
180,Bondi Rescue,s1012,s3597,s4188,s1572,s7999,s8192,s817,s5094,s4097,s6558
180,Ugly Duckling,s7825,s6359,s2398,s1203,s7363,s6731,s1599,s1018,s2577,s2694
181,Monster Run,s8783,s1582,s7795,s1817,s280,s4060,s1872,s6606,s7495,s6430
181,Thaandavam,s7467,s4107,s7872,s6126,s3330,s8788,s2335,s5526,s2459,s2291
181,Love for Ten: Generation of Youth,s6297,s1238,s5154,s6495,s7968,s2271,s916,s139,s7846,s820
181,The Daily Life of the Immortal King,s55,s2411,s5354,s4921,s1750,s4485,s3524,s1537,s3573,s3315
181,Top 10 Secrets and Mysteries,s6125,s2813,s3485,s1931,s3324,s6036,s2284,s7564,s2714,s837
182,Santa Clarita Diet,s2312,s4171,s8688,s186,s8592,s3150,s5388,s5606,s1067,s6132
182,Fear and Loathing in Las Vegas,s4218,s4548,s8357,s8229,s797,s2860,s7582,s6065,s854,s5960
182,The Crow,s7221,s2583,s1621,s5956,s4046,s3512,s1863,s115,s7584,s917
183,Fate: The Winx Saga - The Afterparty,s976,s2850,s889,s3113,s1171,s730,s2183,s571,s913,s3316
183,Raya and Sakina,s2490,s7941,s4507,s2823,s2755,s3262,s2362,s2542,s617,s6565
183,Kanavu Variyam,s876,s2955,s3869,s878,s2194,s6100,s5548,s2478,s4794,s7583
183,Bee Movie,s4418,s495,s7444,s6833,s6043,s4608,s8694,s416,s6056,s1622
184,DEATH NOTE,s5319,s5874,s1658,s7917,s3927,s4296,s7001,s5278,s8275,s7312
184,忍者ハットリくん,s2491,s902,s7291,s6480,s1238,s36,s59,s3325,s6630,s1072
184,The Devil Is a Part-Timer!,s6110,s2919,s4589,s3249,s361,s6516,s2626,s3991,s1846,s613
185,Mighty Little Bheem: Kite Festival,s6298,s165,s6463,s3585,s4953,s3232,s8392,s7513,s429,s415
185,Mystery Science Theater 3000: The Return,s5128,s3961,s8508,s2216,s1958,s5553,s6040,s4229,s5788,s3074
185,Kid Cosmic,s1075,s2383,s3533,s2412,s4689,s3823,s203,s8791,s2888,s7553
186,It's Her Day,s5531,s3549,s395,s2754,s448,s1496,s8720,s6104,s3214,s4564
186,The Squid and the Whale,s3170,s6795,s8732,s7194,s5228,s6576,s6043,s7424,s4474,s2357
186,Irreplaceable You,s5585,s6257,s1265,s6020,s5902,s2546,s1526,s6024,s2522,s2821
186,Magic Snowflake,s7935,s5388,s6285,s6841,s5141,s82,s2849,s2621,s2280,s7815
187,The Break,s253,s4125,s28,s6249,s6535,s2466,s5509,s7842,s8218,s7822
187,El Cartel,s135,s8346,s7592,s6099,s7340,s3826,s7674,s4848,s6181,s1851
187,The Hunt,s3392,s8,s5274,s421,s7596,s6813,s3710,s6812,s791,s4481
188,High Score,s2633,s6454,s2690,s1986,s3395,s3245,s1148,s1821,s571,s8089
188,Vir Das: Losing It,s5519,s2988,s3636,s5558,s3878,s5128,s4921,s3090,s3777,s1543
188,Maria Bamford: The Special Special Special,s5498,s5744,s6877,s1093,s827,s6791,s7532,s5995,s6926,s476
188,Chris Tucker Live,s3560,s6120,s2703,s5379,s5425,s2459,s2001,s5608,s3389,s1248
188,Our House,s5048,s6985,s7375,s6307,s1089,s1119,s1103,s29,s7010,s8590
189,Taylor Tomlinson: Quarter-Life Crisis,s5725,s5320,s5519,s3636,s1288,s5128,s3878,s4315,s1383,s5316
189,The Dark Crystal: Age of Resistance,s6066,s3518,s6110,s209,s3020,s419,s3799,s3814,s7824,s232
190,Challenger,s7602,s4178,s3365,s72,s1500,s4559,s604,s7077,s5125,s7544
190,The Order,s611,s5081,s4878,s3863,s6734,s5335,s5337,s4457,s5336,s3766
190,Bombshell: The Hedy Lamarr Story,s8135,s1208,s8599,s7550,s8004,s6909,s6234,s2880,s447,s8101
190,Forces of Nature,s5182,s6766,s6273,s8218,s5898,s7540,s8487,s7608,s4632,s4108
190,I Am Maris,s5378,s7653,s2976,s4723,s6104,s503,s2288,s4189,s2324,s1883
191,Team Kaylie,s1308,s5059,s2623,s944,s3315,s1913,s8450,s6773,s3273,s7896
191,Everyday I Love You,s4072,s3619,s1567,s876,s1031,s4071,s5738,s1208,s1526,s829
191,Project Mc²,s6242,s6843,s8076,s7443,s1171,s8694,s4535,s4813,s2691,s3545
191,A Dangerous Woman,s7797,s6273,s8064,s2288,s8758,s7061,s8044,s8751,s2944,s7207
192,Penalty Kick,s1000,s3047,s7363,s3988,s1032,s1434,s8451,s7242,s7728,s5280
192,President,s7902,s8188,s6650,s8230,s3915,s3321,s793,s6547,s8419,s4428
192,The Mystic River,s4830,s653,s8101,s7895,s2494,s6016,s7716,s1497,s4701,s1323
193,Falsa identidad,s1051,s503,s5627,s4077,s3168,s6081,s6288,s7041,s873,s3626
194,Inhuman Resources,s1830,s1161,s5773,s5989,s4440,s5600,s6551,s6609,s1708,s13
194,La Mante,s2588,s2838,s92,s6916,s1679,s6708,s2823,s202,s6545,s5573
194,Offspring,s2172,s4835,s7790,s7395,s4362,s4782,s2680,s8557,s2329,s2436
194,Terrace House: Boys & Girls in the City,s1988,s1776,s6403,s1516,s8720,s7107,s6571,s6288,s3909,s4514
195,This Is a Robbery: The World's Biggest Art Heist,s8273,s1348,s7605,s6044,s943,s468,s4025,s7363,s2434,s6629
195,Rise of Empires: Ottoman,s2374,s5377,s8177,s6383,s2180,s7472,s416,s6196,s8070,s596
195,Hong Kong West Side Stories,s4079,s1498,s5472,s4823,s4767,s4343,s7262,s8712,s5115,s6429
195,Inside the Mind of a Serial Killer,s1927,s5968,s1905,s8583,s7037,s1711,s7380,s3967,s6632,s5269
196,Borges,s7704,s7402,s6552,s247,s8506,s7421,s8665,s30,s2408,s6735
196,Love Storm,s6791,s7474,s7140,s490,s4614,s1871,s2657,s1327,s2490,s1940
197,Last Tango in Halifax,s5621,s5479,s2542,s5550,s1733,s6930,s5688,s8351,s2578,s3132
197,New Money,s7374,s6735,s1777,s3412,s3993,s2860,s2936,s7739,s4719,s2802
197,The Dream Catchers,s5550,s5486,s2428,s6758,s7385,s7849,s4039,s943,s2636,s4735
197,Ram Teri Ganga Maili,s6351,s7933,s5399,s4784,s6646,s4347,s4723,s2724,s4793,s8311
198,Naruto Shippuden the Movie: Blood Prison,s7560,s59,s61,s6847,s60,s58,s63,s8625,s5545,s55
198,A Night at the Roxbury,s2144,s4229,s2170,s2578,s4546,s7492,s7516,s7035,s7639,s1614
198,Naruto Shippuden: The Movie: The Lost Tower,s57,s7560,s59,s5950,s6847,s8700,s1644,s5917,s8485,s62
198,Indiana Jones and the Last Crusade,s7074,s7073,s7071,s7309,s4218,s8697,s330,s1204,s7958,s42
199,Mine 9,s637,s3119,s3858,s7062,s87,s6754,s1427,s896,s2991,s8427
199,The Stronghold,s3091,s8698,s3994,s1143,s4984,s2630,s8446,s552,s8489,s8687
199,The Seven Deadly Sins,s415,s3232,s582,s938,s2315,s6243,s4218,s8677,s4482,s5338
199,Weeds on Fire,s7698,s7304,s3325,s6996,s2888,s3649,s7262,s4343,s3876,s3195
200,I Will Follow,s6066,s1325,s5758,s5990,s1328,s7797,s5547,s1379,s1832,s2882
200,Ainori Love Wagon: African Journey,s2324,s3919,s742,s3126,s262,s4900,s3863,s2679,s592,s2686
200,Sotus The Series,s7208,s2140,s4281,s283,s6559,s3774,s7951,s4794,s5622,s3543
200,The Cakemaker,s3136,s3617,s5403,s2198,s2823,s1968,s4916,s7248,s393,s972
